{
  "$schema": "https://raw.githubusercontent.com/grafana/grafana/main/docs/sources/developers/plugins/plugin.schema.json",
  "type": "datasource",
  "name": "Viam",
  "id": "viam-datasource",
  "metrics": true,
  "info": {
    "description": "Viam data query",
    "author": {
      "name": "Viam"
    },
    "keywords": ["datasource"],
    "logos": {
      "small": "img/logo.svg",
      "large": "img/logo.svg"
    },
    "links": [],
    "screenshots": [],
    "version": "1.0.0",
    "updated": "2024-04-18"
  },
  "dependencies": {
    "grafanaDependency": ">=10.3.3",
    "plugins": []
  }
}
